country,Total_Items,Total_Stock,Avg_Risk_Score,Pct_Expired,Pct_Stockout,Pct_Near_Expiry_90d,Pct_NonCompliant,Avg_Days_On_Hand
Afghanistan,176,321231,26.301136363636363,30.7,0.0,11.9,30.7,118.93181818181819
Bangladesh,217,374431,22.5852534562212,32.7,0.0,12.4,0.0,119.41935483870968
Ethiopia,462,821562,22.984848484848484,32.0,0.0,15.8,0.0,118.9978354978355
South Sudan,280,508496,25.946428571428573,31.4,0.0,12.9,28.6,116.44642857142857
Yemen,365,662245,26.353424657534248,31.0,0.0,14.5,29.6,116.65753424657534
